<?xml version="1.0" encoding="UTF-8"?>
<jcr:root xmlns:sling="http://sling.apache.org/jcr/sling/1.0" xmlns:cq="http://www.day.com/jcr/cq/1.0" xmlns:jcr="http://www.jcp.org/jcr/1.0" xmlns:nt="http://www.jcp.org/jcr/nt/1.0"
    jcr:primaryType="sling:OrderedFolder"
    root="/content/dam/mysite">
    <jcr:content
        cq:conf="/conf/mysite"
        jcr:primaryType="nt:unstructured"
        jcr:title="My Sites Project">
        <folderThumbnail/>
    </jcr:content>
    <McAfeeHzRed.svg/>
    <asset.jpg/>
    <filename.png/>
    <contentfragmentusingsimpletemplate/>
    <practice-structured-content-fragmemt/>
    <disclosure-content-fragment/>
    <action-link-content-fragment/>
    <separator.svg/>
</jcr:root>
